kind,key,value
blog_keyword,중구,127
blog_keyword,미쓰족발,93
blog_keyword,메리어트,80
blog_keyword,코트야드,71
blog_keyword,명동교자,67
blog_keyword,명동역,61
blog_keyword,족발,61
blog_keyword,서울명동점,59
blog_keyword,본점,55
blog_keyword,매일,54
blog_keyword,명동맛집,53
blog_keyword,명동점,52
blog_keyword,명동에,48
blog_keyword,남대문,44
blog_keyword,호텔,42
blog_keyword,명동에서,41
blog_keyword,칼국수,33
blog_keyword,명동카페,32
blog_keyword,모모카페,32
blog_keyword,주차,31
blog_keyword,위치한,25
blog_keyword,베이커리,25
blog_keyword,롯데백화점,24
blog_keyword,을지로,24
blog_keyword,안녕하세요,24
blog_keyword,데이트,24
blog_keyword,디저트,24
blog_keyword,분위기,23
blog_keyword,헬로키티,23
blog_keyword,명동성당,22
blog_keyword,오늘은,21
blog_keyword,매장,21
blog_keyword,유명한,21
blog_keyword,황제족발,21
blog_keyword,웨이팅,20
blog_keyword,을지로입구역,20
blog_keyword,정보,19
blog_keyword,뷔페,19
blog_keyword,근처,19
blog_keyword,서울특별시,18
blog_keyword,오랜만에,17
blog_keyword,삼호정,17
blog_keyword,외국인,17
blog_keyword,주말,17
blog_keyword,스팟,17
blog_keyword,바이,17
blog_keyword,명동의,16
blog_keyword,명동은,16
blog_keyword,많은,16
blog_keyword,가볼만한곳,16
category,백반/한정식,497
category,기타 의류 소매업,465
category,카페,392
category,여성 의류 소매업,235
category,화장품 소매업,167
category,펜션,163
category,경양식,126
category,요리 주점,124
category,액세서리/잡화 소매업,118
category,신발 소매업,116
category,편의점,115
category,돼지고기 구이/찜,110
category,가방 소매업,105
category,김밥/만두/분식,102
category,일식 회/초밥,99
category,미용실,96
category,슈퍼마켓,94
category,남성 의류 소매업,77
category,중국집,76
category,국/탕/찌개류,74
category,여관/모텔,74
category,시계/귀금속 소매업,71
category,피부 관리실,71
category,호텔/리조트,69
category,약국,67
category,안경렌즈 소매업,66
category,일반 유흥 주점,66
category,그 외 기타 상품 전문 소매업,64
category,빵/도넛,62
category,피부/비뇨기과 의원,58
trend:명동,2024-08-01,3.44755
trend:명동,2024-09-01,3.31762
trend:명동,2024-10-01,3.71008
trend:명동,2024-11-01,4.21716
trend:명동,2024-12-01,7.07257
trend:명동,2025-01-01,3.85416
trend:명동,2025-02-01,3.48336
trend:명동,2025-03-01,3.09744
trend:명동,2025-04-01,2.53001
trend:명동,2025-05-01,3.04935
trend:명동,2025-06-01,2.63934
trend:명동,2025-07-01,3.06592
trend:명동,2025-08-01,3.71886
trend:명동,2025-09-01,2.83436
trend:명동,2025-10-01,3.61365
trend:명동,2025-11-01,3.35487
trend:명동,2025-12-01,4.97137
trend:명동,2026-01-01,2.86633
trend:명동,2026-02-01,3.15304
trend:명동,2026-03-01,2.6037
trend:명동,2026-04-01,2.19458
trend:명동,2026-05-01,2.79478
trend:명동,2026-06-01,2.16163
trend:명동,2026-07-01,2.48577
trend:명동,2026-08-01,2.44199
demand,flpop_tmzon_00_06,6.08
demand,selng_tmzon_00_06,1.36
demand,flpop_tmzon_06_11,20.59
demand,selng_tmzon_06_11,8.7
demand,flpop_tmzon_11_14,23.96
demand,selng_tmzon_11_14,30.56
demand,flpop_tmzon_14_17,23.98
demand,selng_tmzon_14_17,26.97
demand,flpop_tmzon_17_21,19.78
demand,selng_tmzon_17_21,26.37
demand,flpop_tmzon_21_24,5.6
demand,selng_tmzon_21_24,6.04
demand,agrde_10,5.58
demand,agrde_20,18.6
demand,agrde_30,22.66
demand,agrde_40,22.54
demand,agrde_50,16.02
demand,agrde_60_above,14.6
demand,fml_share,52.92
demand,flpop_wkend,20.37
demand,selng_wkend,22.68
demand,frc_share,7.92
demand,opbiz_rt,1.78
demand,clsbiz_rt,1.66
demand,stor_co,10969.5
demand,trdar_n,3.0
demand,trdar_selng_n,3.0
